;Categoria;;CLT;
;;;;
ID;Renda_Anual;Categoria_Profissional;Categoria_Profissional;Percentual_Imposto
1;R$ 141.958,00;CLT;CLT;28,56
2;R$ 35.795,00;Aut么nomo;Aut鬾omo;10,99
3;R$ 20.860,00;CLT;CLT;20,43
4;R$ 123.694,00;CLT;CLT;22,77
5;R$ 148.106,00;CLT;CLT;6,39
6;R$ 139.879,00;CLT;CLT;23,23
7;R$ 130.268,00;Aut么nomo;Aut鬾omo;10,12
8;R$ 96.820,00;Aut么nomo;Aut鬾omo;6,95
9;R$ 74.886,00;CLT;CLT;33,47
10;R$ 26.265,00;CLT;CLT;33,97
11;R$ 102.386,00;Aut么nomo;Aut鬾omo;29,25
12;R$ 148.214,00;Aut么nomo;Aut鬾omo;14,14
13;R$ 57.194,00;Aut么nomo;Aut鬾omo;7,93
14;R$ 107.498,00;Empres谩rio;Empres醨io;25,53
15;R$ 132.727,00;Empres谩rio;Empres醨io;18,2
16;R$ 146.324,00;Empres谩rio;Empres醨io;8,66
17;R$ 64.131,00;CLT;CLT;19,86
18;R$ 80.263,00;Empres谩rio;Empres醨io;6,03
19;R$ 36.023,00;CLT;CLT;32,28
20;R$ 61.090,00;CLT;CLT;12,76
