arquivo;linhas_aprox;colunas
saas_assinaturas_2025_01_jan.csv;1906;42
saas_assinaturas_2025_02_fev.csv;2171;42
saas_assinaturas_2025_03_mar.csv;2419;42
saas_assinaturas_2025_04_abr.csv;2671;42
saas_assinaturas_2025_05_mai.csv;2954;41
saas_assinaturas_2025_06_jun.csv;3236;42
saas_assinaturas_2025_07_jul.csv;3512;42
saas_assinaturas_2025_08_ago.csv;3803;42
saas_assinaturas_2025_09_set.csv;4087;43
saas_assinaturas_2025_10_out.csv;4361;42
saas_assinaturas_2025_11_nov.csv;4675;42
saas_assinaturas_2025_12_dez.csv;4832;42
dimensoes_referencia_saas.xlsx;10;6
